Tube number,D,N,T,M,G,A,F,C,S,I,remark,Lv,add DMSO 13,add DMSO 26,filter paper,filter paper beginning weight,filter paper end mass in mg,filter paper comment,WSA,hydrophob,wdpt(sec),Percent decomposition (corr),CO2_ppm_FirstWeek,CO2_ppm_ThirdWeek,Rich.ASV,Comm.Comp1,Comm.Comp2,Comm.Disp,Bacteria,Fungi,Total_microbes,Ratio_fungi_to_bacteria,p__Ascomycota,p__Basidiomycota,p__Mucoromycota,p__Mortierellomycota,p__Chytridiomycota,p__Glomeromycota,p__Olpidiomycota,p__Rozellomycota,p__Zoopagomycota,p__others
1,0,0,0,0,0,0,0,0,0,0,CT,0,0,1,116,31.2,4.2,,59.75104,n,0.5,89.36538462,4843,8517,45,-0.118146064,0.095295091,0.356547929,18.49,10.4,44,0.562523373,0.4,0.34,0.133333333,0.113333333,0,0,0,0,0.013333333,0.013333333
2,0,0,0,0,0,0,0,0,0,0,CT,0,0,1,124,28.6,6.6,,56.72269,n,0.5,81.76923077,10688,12692,43,-0.128511539,0.193229226,0.44625196,17.48,9.62,42,0.550471859,0.48,0.393333333,0.106666667,0.013333333,0,0,0,0,0.006666667,0.006666667
3,0,0,0,0,0,0,0,0,0,0,CT,0,0,1,123,29.6,22.3,,55.96708,n,0.75,40.48310811,NA,6179,30,-0.022928812,0.022025918,0.307665931,14.34,5.19,31,0.362024446,0.36,0.313333333,0.246666667,0.06,0.02,0,0,0,0,0.02
4,0,0,0,0,0,0,0,0,0,0,CT,0,0,1,136,29.3,24.8,,59.03084,n,1.5,33.1331058,5344,12191,42,-0.09376924,0.01455474,0.312720153,15.04,6.16,34,0.409399951,0.553333333,0.2,0.226666667,0.02,0,0,0,0,0,0
5,0,0,0,0,0,0,0,0,0,0,CT,0,0,1,133,29.5,20.6,,59.91189,n,0.75,44.83389831,7181,8684,31,0.040629804,0.165602104,0.538801185,13.66,4.7,30,0.343947035,0.28,0.526666667,0.153333333,0.04,0,0,0,0,0,0
6,0,0,0,0,0,0,0,0,0,0,CT,0,0,1,105,32,16,,57.14286,n,1,60.5,4843,11189,37,-0.094644333,0.075053293,0.29537583,15.05,7.46,36,0.495659919,0.386666667,0.386666667,0.18,0.046666667,0,0,0,0,0,0
7,0,0,0,0,0,0,0,0,0,0,CT,0,0,1,102,30.5,22.8,,56.89655,n,0.5,40.9442623,7014,8183,37,-0.091287296,0.126990986,0.351500203,15.57,5.74,34,0.368589118,0.413333333,0.42,0.133333333,0.033333333,0,0,0,0,0,0
8,0,0,0,0,0,0,0,0,0,0,CT,0,0,1,101,30.3,22.5,,48.49785,n,1,41.33663366,NA,9519,28,-0.02237872,0.110401453,0.409776164,15.49,5.78,34,0.373340379,0.373333333,0.473333333,0.146666667,0.006666667,0,0,0,0,0,0
9,0,0,0,0,0,0,0,0,0,0,CT,0,0,1,104,28.8,33.2,fast komplett,57.14286,n,0.75,8.930555556,NA,15531,32,-0.047438108,0.118752051,0.38228737,19.19,7.01,42,0.365208799,0.286666667,0.52,0.166666667,0.026666667,0,0,0,0,0,0
10,0,0,0,0,0,0,0,0,0,0,CT,0,0,1,84,29.5,25.1,,54.93562,n,1,32.78305085,NA,10855,43,-0.036165485,0.0075396,0.31111852,21.96,12.01,39,0.546731219,0.433333333,0.233333333,0.273333333,0.06,0,0,0,0,0,0
11,0,0,0,0,0,0,0,0,0,0,CT,0,0,1,103,30.1,14.6,,68.77637,n,0.75,61.68106312,13026,11356,24,-0.055098929,-0.06970374,0.441396959,14.89,5.26,33,0.353654983,0.16,0.52,0.3,0.02,0,0,0,0,0,0
12,0,0,0,0,0,0,0,0,0,0,CT,0,0,1,135,27.9,18.8,,55.60166,n,0.5,46.76702509,7682,6847,17,0.030705424,0.054080473,0.475220829,11.23,4.5,24,0.401246562,0.253333333,0.46,0.24,0.033333333,0.013333333,0,0,0,0,0.013333333
13,0,0,0,0,0,0,0,0,0,0,CT,0,0,1,122,31,12.5,,60.40816,n,0.5,68.14516129,NA,12859,34,-0.252879383,0.206803464,0.546528214,13.85,4.3,30,0.310895456,0.606666667,0.32,0.053333333,0.02,0,0,0,0,0,0
14,0,0,0,0,0,0,0,0,0,0,CT,0,0,1,114,31.7,27.6,,66.80328,n,1,31.21766562,334,8350,38,-0.042530911,0.196837003,0.515393413,17.68,7.59,43,0.429071333,0.306666667,0.546666667,0.113333333,0.02,0.013333333,0,0,0,0,0.013333333
15,0,0,0,0,0,0,0,0,0,0,CT,0,0,1,132,30.3,12.8,,58.92116,n,0.75,66.62706271,NA,9686,33,-0.098508133,-0.012865877,0.354399095,7.02,3.94,18,0.561452341,0.5,0.226666667,0.233333333,0.026666667,0,0.006666667,0,0,0.006666667,0.013333334
16,0,0,0,0,0,0,0,0,0,0,CT,0,0,1,98,30,23.5,,59.34959,n,4,38.11666667,9519,8684,54,-0.120076147,0.111075668,0.386978332,14.2,5.61,32,0.395000411,0.666666667,0.18,0.086666667,0.046666667,0.006666667,0.013333333,0,0,0,0.02
17,0,0,0,0,0,0,0,0,0,0,CT,0,0,1,96,30.3,27.5,,71.36364,n,0.75,28.30033003,8350,10354,34,-0.057029726,-0.086995854,0.450142185,14.17,7.38,33,0.520789753,0.193333333,0.493333333,0.3,0.013333333,0,0,0,0,0,0
18,0,0,0,0,0,0,0,0,0,0,CT,0,0,1,139,29.5,13.8,,62.5,n,0.75,63.0440678,NA,8016,38,-0.003498186,0.016125487,0.323961752,16.16,9.41,38,0.582368038,0.353333333,0.333333333,0.286666667,0.026666667,0,0,0,0,0,0
19,0,0,0,0,0,0,0,0,0,0,CT,0,0,1,138,30.5,16.9,,60.90535,n,1,56.22622951,NA,10354,33,-0.173581449,-0.007191059,0.441750527,12.23,5.07,28,0.414474167,0.706666667,0.106666667,0.16,0.026666667,0,0,0,0,0,0
20,0,0,0,0,0,0,0,0,0,0,CT,0,0,1,137,31.3,13.6,,58.96414,n,1,65.67412141,NA,14362,32,-0.141724689,0.120256725,0.330121347,16.96,9.71,40,0.572310842,0.473333333,0.373333333,0.106666667,0.046666667,0,0,0,0,0,0
21,1,0,0,0,0,0,0,0,0,0,D,1,0,1,140,29.2,20.9,,48.51064,n,2.5,43.45547945,11189,6680,37,-0.059882344,-0.017948513,0.226052073,14.06,6.04,32,0.429628292,0.48,0.193333333,0.306666667,0.02,0,0,0,0,0,0
22,1,0,0,0,0,0,0,0,0,0,D,1,0,1,100,31,21.5,,49.78355,n,7,45.20967742,8350,4509,28,0.000835361,-0.02003594,0.278532861,14.46,5.79,30,0.400049607,0.473333333,0.153333333,0.366666667,0.006666667,0,0,0,0,0,0
23,1,0,0,0,0,0,0,0,0,0,D,1,0,1,95,30.2,22.8,,56.19835,n,5,40.35761589,9185,6012,37,-0.099437063,-0.004575492,0.261629829,14.88,4.78,29,0.32138274,0.566666667,0.166666667,0.213333333,0.053333333,0,0,0,0,0,0
24,1,0,0,0,0,0,0,0,0,0,D,1,0,1,93,29.4,25.7,fast komplett,55.40541,n,2,30.94217687,11690,6894,39,-0.021559368,-0.022736924,0.271469608,17.16,6.49,36,0.378096777,0.32,0.253333333,0.366666667,0.06,0,0,0,0,0,0
25,1,0,0,0,0,0,0,0,0,0,D,1,0,1,92,30.6,17.2,,54.20168,n,3.33,55.59477124,6346,4676,39,-0.045626714,0.008549439,0.306382407,14.56,6.07,31,0.416741625,0.373333333,0.313333333,0.273333333,0.04,0,0,0,0,0,0
26,1,0,0,0,0,0,0,0,0,0,D,1,0,1,91,28.8,21.4,fast komplett,54.4,n,2,41.29861111,11857,8350,39,-0.051830976,-0.000793838,0.260342555,15.77,5.35,32,0.339389439,0.433333333,0.28,0.26,0.02,0,0.006666667,0,0,0,0.006666667
27,1,0,0,0,0,0,0,0,0,0,D,1,0,1,90,28.2,16.9,,48.53556,n,5,52.65602837,NA,9185,28,0.020237884,0.07949104,0.402677537,15.22,5.95,32.42857143,0.390932983,0.466666667,0.293333333,0.22,0.02,0,0,0,0,0,0
28,1,0,0,0,0,0,0,0,0,0,D,1,0,1,134,28.1,20.5,,52.30126,n,3,42.36654804,8350,8851,26,-0.169143514,0.026138879,0.429239267,15.64,7.17,37,0.458170588,0.493333333,0.053333333,0.16,0.293333333,0,0,0,0,0,0
29,0,1,0,0,0,0,0,0,0,0,N,1,0,1,74,29.6,4.3,,57.02479,n,0.5,88.52364865,10354,8517,29,-0.021561282,-0.038551412,0.258407783,13.6,5.78,31,0.424896588,0.306666667,0.293333333,0.366666667,0.026666667,0,0,0,0,0.006666667,0.006666667
30,0,1,0,0,0,0,0,0,0,0,N,1,0,1,73,28,6.7,,64.15929,n,1,81.09642857,3841,7682,21,-0.089658,-0.076356894,0.149796834,15.05,9.02,39,0.599033992,0.426666667,0.266666667,0.3,0.006666667,0,0,0,0,0,0
31,0,1,0,0,0,0,0,0,0,0,N,1,0,1,72,29.2,0,,55.46559,n,1,100,13360,16366,22,-0.120215425,-0.097581054,0.261617141,14.32,5.84,31,0.407381731,0.58,0.126666667,0.28,0.006666667,0,0,0,0,0.006666667,0.006666667
32,0,1,0,0,0,0,0,0,0,0,N,1,0,1,57,29.3,6.1,,69.26407,n,0.5,83.55290102,5678,11857,23,-0.012691991,-0.080750825,0.308163,14.26,6.74,24,0.47259481,0.273333333,0.18,0.52,0.02,0,0,0,0,0.006666667,0.006666667
33,0,1,0,0,0,0,0,0,0,0,N,1,0,1,50,28.3,5.8,,66.80498,n,0.5,83.80918728,10688,10020,26,-0.066804965,-0.043882452,0.099785295,15.12,6.52,34,0.431522372,0.453333333,0.206666667,0.313333333,0.02,0,0,0,0,0.006666667,0.006666667
34,0,1,0,0,0,0,0,0,0,0,N,1,0,1,52,29.8,0,,67.21992,n,0.5,100,8016,6179,26,-0.037060813,-0.064184838,0.211387881,13.71,8.22,35,0.599578474,0.366666667,0.166666667,0.44,0.026666667,0,0,0,0,0,0
35,0,1,0,0,0,0,0,0,0,0,N,1,0,1,54,28.6,0,Sämling,60.43478,n,1.5,100,NA,13026,16,-0.334379867,-0.147491507,0.544126325,14.74,6.94,33,0.47099714,0.86,0.026666667,0.113333333,0,0,0,0,0,0,0
36,0,1,0,0,0,0,0,0,0,0,N,1,0,1,53,31.8,4.3,,69.29461,n,1.5,89.31761006,NA,16366,24,-0.127403433,-0.118544991,0.331656783,13.17,7.9,34,0.599946821,0.653333333,0.08,0.26,0.006666667,0,0,0,0,0,0
37,0,0,1,0,0,0,0,0,0,0,T,1,0,1,88,33.3,6.9,,58.26772,n,0.5,83.63063063,10020,9352,30,-0.23613692,0.002053233,0.184807863,13,7.79,34,0.599599621,0.773333333,0.1,0.106666667,0.02,0,0,0,0,0,0
38,0,0,1,0,0,0,0,0,0,0,T,1,0,1,85,29.7,9.9,,47.58065,n,1,73.66666667,NA,7181,33,-0.27406967,0.011797105,0.250380839,14.25,5.8,32,0.406738867,0.726666667,0.053333333,0.093333333,0.126666667,0,0,0,0,0,0
39,0,0,1,0,0,0,0,0,0,0,T,1,0,1,89,32,16.1,,56.45161,n,0.5,60.253125,NA,16032,10,-0.245315221,-0.051698797,0.391627612,16.39,7.75,39,0.472923496,0.54,0.32,0.14,0,0,0,0,0,0,0
40,0,0,1,0,0,0,0,0,0,0,T,1,0,1,51,30.9,13,,52.03252,n,0.75,66.76375405,12358,11523,22,-0.213812283,-0.054145791,0.168673688,15.67,7.47,38,0.47681199,0.766666667,0.06,0.166666667,0.006666667,0,0,0,0,0,0
41,0,0,1,0,0,0,0,0,0,0,T,1,0,1,99,32,9.7,,57.02128,n,1,76.053125,NA,10187,19,-0.388249429,-0.012724978,0.409958151,15.84,6.39,36,0.403227992,0.873333333,0.06,0.06,0,0.006666667,0,0,0,0,0.006666667
42,0,0,1,0,0,0,0,0,0,0,T,1,0,1,81,30.4,6.8,,55.21236,n,1,82.32894737,9686,13026,27,-0.151406751,-0.03967567,0.215813647,16.86,11.35,44,0.672942773,0.606666667,0.173333333,0.193333333,0.013333333,0,0,0,0.006666667,0.006666667,0.013333334
43,0,0,1,0,0,0,0,0,0,0,T,1,0,1,83,31.9,16.5,,61.1336,n,0.5,59.13793103,NA,12859,34,-0.250272876,0.044844969,0.403633801,19.17,7.03,41,0.366768511,0.546666667,0.286666667,0.093333333,0.033333333,0.04,0,0,0,0,0.04
44,0,0,1,0,0,0,0,0,0,0,T,1,0,1,82,30.5,21.9,,53.08642,n,0.5,43.27540984,NA,17535,17,-0.214865555,-0.017520773,0.254009082,12.82,4.05,27,0.316035223,0.706666667,0.126666667,0.14,0,0.026666667,0,0,0,0,0.026666667
45,0,0,0,1,0,0,0,0,0,0,M,1,0,1,94,31.4,18.4,,48.97119,n,1,53.70700637,NA,9853,45,-0.063362515,0.043067413,0.302383664,15.7,7.62,36,0.485280689,0.42,0.286666667,0.206666667,0.08,0,0.006666667,0,0,0,0.006666667
46,0,0,0,1,0,0,0,0,0,0,M,1,0,1,87,29.8,26.7,fast komplett,56.97211,n,0.5,29.21812081,NA,17702,38,-0.124949219,0.068705184,0.38649274,17.65,6.47,39,0.36648164,0.593333333,0.166666667,0.16,0.053333333,0,0.026666667,0,0,0,0.026666667
47,0,0,0,1,0,0,0,0,0,0,M,1,0,1,80,31.4,14.3,,66.22222,n,0.5,64.02229299,12358,11161,46,-0.035909745,0.020105214,0.269828225,15.44,9.8,41,0.634381179,0.46,0.273333333,0.24,0.026666667,0,0,0,0,0,0
48,0,0,0,1,0,0,0,0,0,0,M,1,0,1,79,31.7,28.2,fast komplett,71.60494,n,0.5,29.72239748,11022,7014,23,-0.075160501,-0.158453057,0.499970462,14.39,5.82,31,0.404316229,0.1,0.633333333,0.24,0.026666667,0,0,0,0,0,0
49,0,0,0,1,0,0,0,0,0,0,M,1,0,1,78,31.7,15.8,,72.83951,n,1,60.62460568,NA,6680,32,-0.05444324,0.03483047,0.252927242,15.83,8.16,37,0.515511611,0.453333333,0.32,0.213333333,0.013333333,0,0,0,0,0,0
50,0,0,0,1,0,0,0,0,0,0,M,1,0,1,77,32.3,30.3,nicht komplett,61.57025,n,0.5,25.89164087,NA,14028,51,-0.040770836,0.012567501,0.23204912,16.07,7.28,36,0.453100034,0.493333333,0.2,0.26,0.033333333,0,0.013333333,0,0,0,0.013333333
51,0,0,0,1,0,0,0,0,0,0,M,1,0,1,76,32.7,31.6,fast komplett,63.82979,n,1,23.65749235,NA,7849,30,-0.213055663,-0.187212257,0.582700983,16,5.74,34,0.3589291,0.206666667,0.666666667,0.113333333,0.006666667,0,0.006666667,0,0,0,0.006666667
52,0,0,0,1,0,0,0,0,0,0,M,1,0,1,75,30.7,14.5,,72,n,1,62.68729642,NA,13694,44,-0.0458009,0.031816939,0.226640639,16.13,9.61,40,0.595695148,0.4,0.273333333,0.226666667,0.093333333,0.006666667,0,0,0,0,0.006666667
53,0,0,0,0,1,0,0,0,0,0,G,1,0,1,55,30.9,16.6,,66.80672,n,1,57.55987055,7849,4509,14,-0.153535799,0.270939801,0.587592011,18.66,12.73,48,0.682498798,0.14,0.673333333,0.106666667,0.08,0,0,0,0,0,0
54,0,0,0,0,1,0,0,0,0,0,G,1,0,1,56,30,23.5,,63.04348,n,0.5,38.11666667,8350,7849,34,-0.041888885,-0.023582366,0.360400589,13.1,6.41,29,0.488980305,0.486666667,0.193333333,0.286666667,0.033333333,0,0,0,0,0,0
55,0,0,0,0,1,0,0,0,0,0,G,1,0,1,58,30.4,5.7,,68.90756,n,1,85.1875,6012,5678,37,-0.004856875,0.010861145,0.293524039,15.96,9.89,40,0.619651257,0.286666667,0.34,0.32,0.046666667,0,0,0,0,0.006666667,0.006666667
56,0,0,0,0,1,0,0,0,0,0,G,1,0,1,60,29.4,17.9,,68.51064,n,1,51.90136054,NA,13527,34,-0.061548969,0.022064208,0.289003809,15.39,7.07,34,0.459127926,0.393333333,0.38,0.213333333,0.013333333,0,0,0,0,0,0
57,0,0,0,0,1,0,0,0,0,0,G,1,0,1,59,31.1,10.4,,66.06335,n,1,73.58199357,10688,8684,35,-0.058830899,0.127247725,0.388203419,13.55,6.85,32,0.505494553,0.326666667,0.493333333,0.133333333,0.046666667,0,0,0,0,0,0
58,0,0,0,0,1,0,0,0,0,0,G,1,0,1,62,30.5,16.5,,66.66667,n,2,57.26229508,7682,7348,53,-0.035840452,0.029735929,0.30194377,13.83,8.21,36,0.593734875,0.453333333,0.233333333,0.24,0.06,0.013333333,0,0,0,0,0.013333333
59,0,0,0,0,1,0,0,0,0,0,G,1,0,1,63,30.1,21.4,,59.22747,n,0.75,43.83388704,8183,8350,38,-0.040495609,0.094549632,0.304193098,13.22,5.1,29,0.385612044,0.446666667,0.366666667,0.146666667,0.04,0,0,0,0,0,0
60,0,0,0,0,1,0,0,0,0,0,G,1,0,1,64,31.7,34.3,nicht komplett,70.56277,n,1.5,14.52050473,NA,11189,42,-0.115092997,0.075485318,0.324265617,15.65,7.18,35,0.458603105,0.42,0.26,0.153333333,0.16,0.006666667,0,0,0,0,0.006666667
61,0,0,0,0,0,1,0,0,0,0,A,1,0,1,65,33.4,17.8,,62.55144,n,1,57.89820359,1503,6012,35,-0.080965574,0.010190529,0.29009886,18.67,11.02,46,0.59023311,0.486666667,0.26,0.24,0.013333333,0,0,0,0,0,0
62,0,0,0,0,0,1,0,0,0,0,A,1,0,1,66,36.7,29,,57.76892,n,1,37.57493188,NA,8684,33,-0.089261813,-0.024300172,0.3372691,16.24,6.86,36,0.422327974,0.4,0.333333333,0.26,0.006666667,0,0,0,0,0,0
63,0,0,0,0,0,1,0,0,0,0,A,1,0,1,67,32.6,30.5,nicht komplett,61.67401,n,1,26.08895706,9352,7515,43,-0.097484398,0.051561655,0.303237022,17.61,7.59,39,0.43099428,0.546666667,0.226666667,0.2,0.013333333,0.006666667,0,0,0,0.006666667,0.013333334
64,0,0,0,0,0,1,0,0,0,0,A,1,0,1,70,32.1,19.6,,60.42553,n,1,51.76323988,8183,8350,23,-0.028174308,0.001635036,0.294508852,15.4,7.86,35,0.510239334,0.426666667,0.233333333,0.306666667,0.033333333,0,0,0,0,0,0
65,0,0,0,0,0,1,0,0,0,0,A,1,0,1,69,30.8,20.9,,56.77966,n,0.75,46.39285714,NA,10521,35,-0.082150207,0.062929633,0.28938998,16.98,7.9,39,0.465172839,0.38,0.393333333,0.22,0.006666667,0,0,0,0,0,0
66,0,0,0,0,0,1,0,0,0,0,A,1,0,1,24,30.2,12,,63.59649,n,0.5,68.60927152,NA,16032,27,-0.047208014,0.099296906,0.38140542,16.44,10.38,42,0.631361445,0.26,0.506666667,0.226666667,0.006666667,0,0,0,0,0,0
67,0,0,0,0,0,1,0,0,0,0,A,1,0,1,71,29.3,16.7,,76.32653,n,1.5,54.97269625,9519,8183,48,-0.018963922,0.022571384,0.25104052,15.24,8.79,37,0.576647233,0.5,0.213333333,0.26,0.026666667,0,0,0,0,0,0
68,0,0,0,0,0,1,0,0,0,0,A,1,0,1,61,30.1,16.2,,63.29114,n,1,57.48172757,NA,17702,39,-0.058545141,0.05543976,0.316378307,16.17,9.05,40,0.559562648,0.44,0.32,0.173333333,0.066666667,0,0,0,0,0,0
69,0,0,0,0,0,0,1,0,0,0,F,1,1,0,68,30.6,10.4,,59.66387,n,0.5,73.1503268,8517,7682,22,-0.062844172,0.034915591,0.352394643,16.21,8.3,39,0.511785842,0.208333333,0.315,0.455833333,0.020833333,0,0,0,0,0,0
70,0,0,0,0,0,0,1,0,0,0,F,1,1,0,48,31.1,11.2,,56.43154,n,1,71.54983923,8183,9853,14,0.139483426,-0.115745571,0.385736962,18.48,13.71,48,0.742211084,0.36,0.193333333,0.393333333,0.053333333,0,0,0,0,0,0
71,0,0,0,0,0,0,1,0,0,0,F,1,1,0,47,31.7,19.1,,57.74059,n,0.75,52.40063091,NA,10688,25,-0.009919716,-0.174823706,0.427889211,14.95,5.14,32,0.343838722,0.18,0.46,0.333333333,0.026666667,0,0,0,0,0,0
72,0,0,0,0,0,0,1,0,0,0,F,1,1,0,49,30.5,12,,60.58091,n,0.5,68.91803279,NA,5010,24,0.029755336,-0.13775777,0.29192911,19.08,11.27,46,0.590482051,0.146666667,0.246666667,0.593333333,0.013333333,0,0,0,0,0,0
73,0,0,0,0,0,0,1,0,0,0,F,1,1,0,46,30.2,23.8,,61.31687,n,0.75,37.74172185,8851,8851,18,0.037204367,-0.1720656,0.329045023,18.41,6.36,39,0.345536706,0.066666667,0.233333333,0.7,0,0,0,0,0,0,0
74,0,0,0,0,0,0,1,0,0,0,F,1,1,0,45,31.5,30.5,nicht komplett,65,n,1,23.50793651,8350,7515,28,-0.043875034,-0.174170736,0.416937876,10.55,5.26,26,0.498567989,0.126666667,0.533333333,0.32,0.02,0,0,0,0,0,0
75,0,0,0,0,0,0,1,0,0,0,F,1,1,0,44,28.3,16.6,,54.32099,n,4,53.66077739,NA,12692,32,0.040769464,-0.084486203,0.283289894,14.27,6.53,34,0.457879525,0.346666667,0.173333333,0.46,0.02,0,0,0,0,0,0
76,0,0,0,0,0,0,1,0,0,0,F,1,1,0,106,31.2,20.9,,59.2,n,1,47.08012821,7348,10187,18,0.016653824,-0.123870772,0.331934424,17.7,6.76,39,0.381618807,0.086666667,0.473333333,0.406666667,0.033333333,0,0,0,0,0,0
77,0,0,0,0,0,0,0,1,0,0,C,1,0,1,108,30,36,fast komplett,62.60504,n,1,5.2,NA,8517,36,0.002738667,-0.034627816,0.213893892,11.9,5.28,27,0.443595487,0.353333333,0.206666667,0.44,0,0,0,0,0,0,0
78,0,0,0,0,0,0,0,1,0,0,C,1,0,1,107,30.4,28.4,nicht komplett,56.41026,n,1,26.19736842,7682,6346,25,0.001256912,-0.055058219,0.168811921,13.59,4.6,29,0.33868584,0.333333333,0.173333333,0.48,0.013333333,0,0,0,0,0,0
79,0,0,0,0,0,0,0,1,0,0,C,1,0,1,43,33.6,31.5,fast komplett,68.24034,n,0.5,25.9375,7682,5845,32,0.018962803,-0.038336328,0.189822147,13.97,7.01,35,0.501522275,0.32,0.186666667,0.493333333,0,0,0,0,0,0,0
80,0,0,0,0,0,0,0,1,0,0,C,1,0,1,42,30.9,29.1,fast komplett,62,n,0.5,25.60194175,NA,8016,31,0.012782727,-0.055794808,0.186814606,11.83,3.79,24,0.320323995,0.333333333,0.14,0.52,0.006666667,0,0,0,0,0,0
81,0,0,0,0,0,0,0,1,0,0,C,1,0,1,39,28.3,23.9,fast komplett,56.52174,n,1.5,33.28268551,8183,5678,19,0.015421364,-0.051340246,0.173270311,14.76,6.83,34,0.462873091,0.36,0.173333333,0.466666667,0,0,0,0,0,0,0
82,0,0,0,0,0,0,0,1,0,0,C,1,0,1,41,29,25.5,fast komplett,54.58333,n,0.5,30.53448276,8851,5344,19,0.007696181,-0.05976438,0.20130685,16.27,7.41,39,0.455149607,0.36,0.18,0.44,0.02,0,0,0,0,0,0
83,0,0,0,0,0,0,0,1,0,0,C,1,0,1,40,30,29.2,fast komplett,56.32653,n,0.5,23.10666667,7348,5177,39,0.027403596,-0.019483237,0.298376266,12.53,4.35,27,0.347260296,0.433333333,0.146666667,0.366666667,0.053333333,0,0,0,0,0,0
84,0,0,0,0,0,0,0,1,0,0,C,1,0,1,38,29.7,27.1,,56.35593,n,1,27.91582492,9686,6346,35,0.009889227,-0.018550259,0.219465232,14.83,5.78,33,0.389513372,0.34,0.2,0.4,0.06,0,0,0,0,0,0
85,0,0,0,0,0,0,0,0,1,0,S,1,0,1,37,31.5,32.9,nicht komplett,51.00402,n,1,17.48888889,7682,5344,32,0.04812998,-0.055403727,0.346812341,13.59,5.16,31.71428571,0.351360553,0.32,0.126666667,0.54,0.013333333,0,0,0,0,0,0
86,0,0,0,0,0,0,0,0,1,0,S,1,0,1,35,30.7,39.8,komplett,38.2716,n,1,0,6513,3841,36,0.16241966,0.117501517,0.312470747,12.21,4.18,28,0.342565524,0.78,0.04,0.173333333,0,0,0.006666667,0,0,0,0.006666667
87,0,0,0,0,0,0,0,0,1,0,S,1,0,1,36,29.2,34.7,komplett,53.11203,n,0.75,6.119863014,1336,835,32,0.145515496,0.074715317,0.302258556,14.34,4.89,33,0.340754694,0.726666667,0.04,0.226666667,0.006666667,0,0,0,0,0,0
88,0,0,0,0,0,0,0,0,1,0,S,1,0,1,34,28.6,47,komplett,49.38272,n,0.5,0,NA,3841,33,0.166957661,0.164121634,0.436952558,14.23,4.9,32,0.344483828,0.813333333,0.073333333,0.106666667,0,0,0.006666667,0,0,0,0.006666667
89,0,0,0,0,0,0,0,0,1,0,S,1,0,1,33,28.2,35.7,komplett,52.6971,n,1.5,0,NA,5010,25,0.085529299,-0.067906583,0.284297856,13.37,5.86,33,0.438783097,0.38,0.086666667,0.533333333,0,0,0,0,0,0,0
90,0,0,0,0,0,0,0,0,1,0,S,1,0,1,32,29.5,36.6,fast komplett,51.86722,n,1,1.986440678,NA,4509,41,0.092658711,-0.045378869,0.26000042,11.66,5.55,29,0.475516854,0.493333333,0.066666667,0.426666667,0.013333333,0,0,0,0,0,0
91,0,0,0,0,0,0,0,0,1,0,S,1,0,1,16,27.5,36.5,komplett,58.51528,n,0.5,0,8684,4008,34,0.095322379,0.009545169,0.189101991,15.96,6,37,0.376111664,0.586666667,0.093333333,0.32,0,0,0,0,0,0,0
92,0,0,0,0,0,0,0,0,1,0,S,1,0,1,97,29.9,36.9,fast komplett,48.49785,n,1,2.505016722,6847,2505,46,0.089681682,-0.0037013,0.199961177,13.37,4.77,30,0.356306054,0.58,0.08,0.333333333,0.006666667,0,0,0,0,0,0
93,0,0,0,0,0,0,0,0,0,1,I,1,1,0,86,29.3,12.5,,54.97835,n,0.5,66.29692833,9686,4175,23,-0.177840501,0.17592139,0.488565086,16.16,6.39,35,0.395255326,0.18,0.693333333,0.1,0.013333333,0.013333333,0,0,0,0,0.013333333
94,0,0,0,0,0,0,0,0,0,1,I,1,1,0,31,29.4,6.4,,60.28037,n,1.5,82.80272109,12859,10020,35,-0.010184953,0.222534868,0.554012011,18.42,9.08,44,0.492773812,0.273333333,0.56,0.153333333,0.013333333,0,0,0,0,0,0
95,0,0,0,0,0,0,0,0,0,1,I,1,1,0,30,31.2,12.6,,56.54008,n,0.5,68.09615385,8350,7181,35,-0.12950828,0.02939277,0.368731772,12.96,5.54,29,0.427439668,0.366666667,0.42,0.193333333,0.013333333,0.006666667,0,0,0,0,0.006666667
96,0,0,0,0,0,0,0,0,0,1,I,1,1,0,8,29.7,2.6,,61.06195,n,0.5,93.08417508,8016,6012,26,-0.082784152,0.120900601,0.400181289,12.88,5.4,29,0.419601306,0.406666667,0.413333333,0.16,0.02,0,0,0,0,0,0
97,0,0,0,0,0,0,0,0,0,1,I,1,1,0,12,29.9,14.1,,55.46559,n,1,62.7458194,334,11857,32,-0.097490812,0.120289676,0.361377797,16.61,7.27,38,0.437593154,0.426666667,0.413333333,0.133333333,0.026666667,0,0,0,0,0,0
98,0,0,0,0,0,0,0,0,0,1,I,1,1,0,6,30.5,8.2,,59.64912,n,1,78.76065574,11189,10020,35,-0.219100875,0.12824704,0.503266906,10.44,4.52,23,0.432455298,0.733333333,0.146666667,0.1,0.006666667,0,0.006666667,0,0,0.006666667,0.013333334
99,0,0,0,0,0,0,0,0,0,1,I,1,1,0,11,30.1,9.6,,58.87446,n,0.5,74.80398671,NA,10855,37,-0.067143352,0.035441734,0.291542736,17.69,8.38,41,0.473523038,0.333333333,0.353333333,0.253333333,0.053333333,0,0,0,0.006666667,0,0.006666667
100,0,0,0,0,0,0,0,0,0,1,I,1,1,0,5,33.7,17,,66.66667,n,1,60.14836795,NA,8851,43,-0.033901843,-0.007430516,0.298737013,15.53,7.84,36,0.504586575,0.346666667,0.253333333,0.34,0.053333333,0,0,0,0,0.006666667,0.006666667
21,1,0,0,0,0,0,0,0,0,0,1,1,0,1,140,29.2,20.9,,48.51064,n,2.5,43.45547945,11189,6680,37,-0.059882344,-0.017948513,0.226052073,14.06,6.04,32,0.429628292,0.48,0.193333333,0.306666667,0.02,0,0,0,0,0,0
22,1,0,0,0,0,0,0,0,0,0,1,1,0,1,100,31,21.5,,49.78355,n,7,45.20967742,8350,4509,28,0.000835361,-0.02003594,0.278532861,14.46,5.79,30,0.400049607,0.473333333,0.153333333,0.366666667,0.006666667,0,0,0,0,0,0
23,1,0,0,0,0,0,0,0,0,0,1,1,0,1,95,30.2,22.8,,56.19835,n,5,40.35761589,9185,6012,37,-0.099437063,-0.004575492,0.261629829,14.88,4.78,29,0.32138274,0.566666667,0.166666667,0.213333333,0.053333333,0,0,0,0,0,0
24,1,0,0,0,0,0,0,0,0,0,1,1,0,1,93,29.4,25.7,fast komplett,55.40541,n,2,30.94217687,11690,6894,39,-0.021559368,-0.022736924,0.271469608,17.16,6.49,36,0.378096777,0.32,0.253333333,0.366666667,0.06,0,0,0,0,0,0
25,1,0,0,0,0,0,0,0,0,0,1,1,0,1,92,30.6,17.2,,54.20168,n,3.33,55.59477124,6346,4676,39,-0.045626714,0.008549439,0.306382407,14.56,6.07,31,0.416741625,0.373333333,0.313333333,0.273333333,0.04,0,0,0,0,0,0
26,1,0,0,0,0,0,0,0,0,0,1,1,0,1,91,28.8,21.4,fast komplett,54.4,n,2,41.29861111,11857,8350,39,-0.051830976,-0.000793838,0.260342555,15.77,5.35,32,0.339389439,0.433333333,0.28,0.26,0.02,0,0.006666667,0,0,0,0.006666667
27,1,0,0,0,0,0,0,0,0,0,1,1,0,1,90,28.2,16.9,,48.53556,n,5,52.65602837,NA,9185,28,0.020237884,0.07949104,0.402677537,15.22,5.95,32.42857143,0.390932983,0.466666667,0.293333333,0.22,0.02,0,0,0,0,0,0
28,1,0,0,0,0,0,0,0,0,0,1,1,0,1,134,28.1,20.5,,52.30126,n,3,42.36654804,8350,8851,26,-0.169143514,0.026138879,0.429239267,15.64,7.17,37,0.458170588,0.493333333,0.053333333,0.16,0.293333333,0,0,0,0,0,0
29,0,1,0,0,0,0,0,0,0,0,1,1,0,1,74,29.6,4.3,,57.02479,n,0.5,88.52364865,10354,8517,29,-0.021561282,-0.038551412,0.258407783,13.6,5.78,31,0.424896588,0.306666667,0.293333333,0.366666667,0.026666667,0,0,0,0,0.006666667,0.006666667
30,0,1,0,0,0,0,0,0,0,0,1,1,0,1,73,28,6.7,,64.15929,n,1,81.09642857,3841,7682,21,-0.089658,-0.076356894,0.149796834,15.05,9.02,39,0.599033992,0.426666667,0.266666667,0.3,0.006666667,0,0,0,0,0,0
31,0,1,0,0,0,0,0,0,0,0,1,1,0,1,72,29.2,0,,55.46559,n,1,100,13360,16366,22,-0.120215425,-0.097581054,0.261617141,14.32,5.84,31,0.407381731,0.58,0.126666667,0.28,0.006666667,0,0,0,0,0.006666667,0.006666667
32,0,1,0,0,0,0,0,0,0,0,1,1,0,1,57,29.3,6.1,,69.26407,n,0.5,83.55290102,5678,11857,23,-0.012691991,-0.080750825,0.308163,14.26,6.74,24,0.47259481,0.273333333,0.18,0.52,0.02,0,0,0,0,0.006666667,0.006666667
33,0,1,0,0,0,0,0,0,0,0,1,1,0,1,50,28.3,5.8,,66.80498,n,0.5,83.80918728,10688,10020,26,-0.066804965,-0.043882452,0.099785295,15.12,6.52,34,0.431522372,0.453333333,0.206666667,0.313333333,0.02,0,0,0,0,0.006666667,0.006666667
34,0,1,0,0,0,0,0,0,0,0,1,1,0,1,52,29.8,0,,67.21992,n,0.5,100,8016,6179,26,-0.037060813,-0.064184838,0.211387881,13.71,8.22,35,0.599578474,0.366666667,0.166666667,0.44,0.026666667,0,0,0,0,0,0
35,0,1,0,0,0,0,0,0,0,0,1,1,0,1,54,28.6,0,Sämling,60.43478,n,1.5,100,NA,13026,16,-0.334379867,-0.147491507,0.544126325,14.74,6.94,33,0.47099714,0.86,0.026666667,0.113333333,0,0,0,0,0,0,0
36,0,1,0,0,0,0,0,0,0,0,1,1,0,1,53,31.8,4.3,,69.29461,n,1.5,89.31761006,NA,16366,24,-0.127403433,-0.118544991,0.331656783,13.17,7.9,34,0.599946821,0.653333333,0.08,0.26,0.006666667,0,0,0,0,0,0
37,0,0,1,0,0,0,0,0,0,0,1,1,0,1,88,33.3,6.9,,58.26772,n,0.5,83.63063063,10020,9352,30,-0.23613692,0.002053233,0.184807863,13,7.79,34,0.599599621,0.773333333,0.1,0.106666667,0.02,0,0,0,0,0,0
38,0,0,1,0,0,0,0,0,0,0,1,1,0,1,85,29.7,9.9,,47.58065,n,1,73.66666667,NA,7181,33,-0.27406967,0.011797105,0.250380839,14.25,5.8,32,0.406738867,0.726666667,0.053333333,0.093333333,0.126666667,0,0,0,0,0,0
39,0,0,1,0,0,0,0,0,0,0,1,1,0,1,89,32,16.1,,56.45161,n,0.5,60.253125,NA,16032,10,-0.245315221,-0.051698797,0.391627612,16.39,7.75,39,0.472923496,0.54,0.32,0.14,0,0,0,0,0,0,0
40,0,0,1,0,0,0,0,0,0,0,1,1,0,1,51,30.9,13,,52.03252,n,0.75,66.76375405,12358,11523,22,-0.213812283,-0.054145791,0.168673688,15.67,7.47,38,0.47681199,0.766666667,0.06,0.166666667,0.006666667,0,0,0,0,0,0
41,0,0,1,0,0,0,0,0,0,0,1,1,0,1,99,32,9.7,,57.02128,n,1,76.053125,NA,10187,19,-0.388249429,-0.012724978,0.409958151,15.84,6.39,36,0.403227992,0.873333333,0.06,0.06,0,0.006666667,0,0,0,0,0.006666667
42,0,0,1,0,0,0,0,0,0,0,1,1,0,1,81,30.4,6.8,,55.21236,n,1,82.32894737,9686,13026,27,-0.151406751,-0.03967567,0.215813647,16.86,11.35,44,0.672942773,0.606666667,0.173333333,0.193333333,0.013333333,0,0,0,0.006666667,0.006666667,0.013333334
43,0,0,1,0,0,0,0,0,0,0,1,1,0,1,83,31.9,16.5,,61.1336,n,0.5,59.13793103,NA,12859,34,-0.250272876,0.044844969,0.403633801,19.17,7.03,41,0.366768511,0.546666667,0.286666667,0.093333333,0.033333333,0.04,0,0,0,0,0.04
44,0,0,1,0,0,0,0,0,0,0,1,1,0,1,82,30.5,21.9,,53.08642,n,0.5,43.27540984,NA,17535,17,-0.214865555,-0.017520773,0.254009082,12.82,4.05,27,0.316035223,0.706666667,0.126666667,0.14,0,0.026666667,0,0,0,0,0.026666667
45,0,0,0,1,0,0,0,0,0,0,1,1,0,1,94,31.4,18.4,,48.97119,n,1,53.70700637,NA,9853,45,-0.063362515,0.043067413,0.302383664,15.7,7.62,36,0.485280689,0.42,0.286666667,0.206666667,0.08,0,0.006666667,0,0,0,0.006666667
46,0,0,0,1,0,0,0,0,0,0,1,1,0,1,87,29.8,26.7,fast komplett,56.97211,n,0.5,29.21812081,NA,17702,38,-0.124949219,0.068705184,0.38649274,17.65,6.47,39,0.36648164,0.593333333,0.166666667,0.16,0.053333333,0,0.026666667,0,0,0,0.026666667
47,0,0,0,1,0,0,0,0,0,0,1,1,0,1,80,31.4,14.3,,66.22222,n,0.5,64.02229299,12358,11161,46,-0.035909745,0.020105214,0.269828225,15.44,9.8,41,0.634381179,0.46,0.273333333,0.24,0.026666667,0,0,0,0,0,0
48,0,0,0,1,0,0,0,0,0,0,1,1,0,1,79,31.7,28.2,fast komplett,71.60494,n,0.5,29.72239748,11022,7014,23,-0.075160501,-0.158453057,0.499970462,14.39,5.82,31,0.404316229,0.1,0.633333333,0.24,0.026666667,0,0,0,0,0,0
49,0,0,0,1,0,0,0,0,0,0,1,1,0,1,78,31.7,15.8,,72.83951,n,1,60.62460568,NA,6680,32,-0.05444324,0.03483047,0.252927242,15.83,8.16,37,0.515511611,0.453333333,0.32,0.213333333,0.013333333,0,0,0,0,0,0
50,0,0,0,1,0,0,0,0,0,0,1,1,0,1,77,32.3,30.3,nicht komplett,61.57025,n,0.5,25.89164087,NA,14028,51,-0.040770836,0.012567501,0.23204912,16.07,7.28,36,0.453100034,0.493333333,0.2,0.26,0.033333333,0,0.013333333,0,0,0,0.013333333
51,0,0,0,1,0,0,0,0,0,0,1,1,0,1,76,32.7,31.6,fast komplett,63.82979,n,1,23.65749235,NA,7849,30,-0.213055663,-0.187212257,0.582700983,16,5.74,34,0.3589291,0.206666667,0.666666667,0.113333333,0.006666667,0,0.006666667,0,0,0,0.006666667
52,0,0,0,1,0,0,0,0,0,0,1,1,0,1,75,30.7,14.5,,72,n,1,62.68729642,NA,13694,44,-0.0458009,0.031816939,0.226640639,16.13,9.61,40,0.595695148,0.4,0.273333333,0.226666667,0.093333333,0.006666667,0,0,0,0,0.006666667
53,0,0,0,0,1,0,0,0,0,0,1,1,0,1,55,30.9,16.6,,66.80672,n,1,57.55987055,7849,4509,14,-0.153535799,0.270939801,0.587592011,18.66,12.73,48,0.682498798,0.14,0.673333333,0.106666667,0.08,0,0,0,0,0,0
54,0,0,0,0,1,0,0,0,0,0,1,1,0,1,56,30,23.5,,63.04348,n,0.5,38.11666667,8350,7849,34,-0.041888885,-0.023582366,0.360400589,13.1,6.41,29,0.488980305,0.486666667,0.193333333,0.286666667,0.033333333,0,0,0,0,0,0
55,0,0,0,0,1,0,0,0,0,0,1,1,0,1,58,30.4,5.7,,68.90756,n,1,85.1875,6012,5678,37,-0.004856875,0.010861145,0.293524039,15.96,9.89,40,0.619651257,0.286666667,0.34,0.32,0.046666667,0,0,0,0,0.006666667,0.006666667
56,0,0,0,0,1,0,0,0,0,0,1,1,0,1,60,29.4,17.9,,68.51064,n,1,51.90136054,NA,13527,34,-0.061548969,0.022064208,0.289003809,15.39,7.07,34,0.459127926,0.393333333,0.38,0.213333333,0.013333333,0,0,0,0,0,0
57,0,0,0,0,1,0,0,0,0,0,1,1,0,1,59,31.1,10.4,,66.06335,n,1,73.58199357,10688,8684,35,-0.058830899,0.127247725,0.388203419,13.55,6.85,32,0.505494553,0.326666667,0.493333333,0.133333333,0.046666667,0,0,0,0,0,0
58,0,0,0,0,1,0,0,0,0,0,1,1,0,1,62,30.5,16.5,,66.66667,n,2,57.26229508,7682,7348,53,-0.035840452,0.029735929,0.30194377,13.83,8.21,36,0.593734875,0.453333333,0.233333333,0.24,0.06,0.013333333,0,0,0,0,0.013333333
59,0,0,0,0,1,0,0,0,0,0,1,1,0,1,63,30.1,21.4,,59.22747,n,0.75,43.83388704,8183,8350,38,-0.040495609,0.094549632,0.304193098,13.22,5.1,29,0.385612044,0.446666667,0.366666667,0.146666667,0.04,0,0,0,0,0,0
60,0,0,0,0,1,0,0,0,0,0,1,1,0,1,64,31.7,34.3,nicht komplett,70.56277,n,1.5,14.52050473,NA,11189,42,-0.115092997,0.075485318,0.324265617,15.65,7.18,35,0.458603105,0.42,0.26,0.153333333,0.16,0.006666667,0,0,0,0,0.006666667
61,0,0,0,0,0,1,0,0,0,0,1,1,0,1,65,33.4,17.8,,62.55144,n,1,57.89820359,1503,6012,35,-0.080965574,0.010190529,0.29009886,18.67,11.02,46,0.59023311,0.486666667,0.26,0.24,0.013333333,0,0,0,0,0,0
62,0,0,0,0,0,1,0,0,0,0,1,1,0,1,66,36.7,29,,57.76892,n,1,37.57493188,NA,8684,33,-0.089261813,-0.024300172,0.3372691,16.24,6.86,36,0.422327974,0.4,0.333333333,0.26,0.006666667,0,0,0,0,0,0
63,0,0,0,0,0,1,0,0,0,0,1,1,0,1,67,32.6,30.5,nicht komplett,61.67401,n,1,26.08895706,9352,7515,43,-0.097484398,0.051561655,0.303237022,17.61,7.59,39,0.43099428,0.546666667,0.226666667,0.2,0.013333333,0.006666667,0,0,0,0.006666667,0.013333334
64,0,0,0,0,0,1,0,0,0,0,1,1,0,1,70,32.1,19.6,,60.42553,n,1,51.76323988,8183,8350,23,-0.028174308,0.001635036,0.294508852,15.4,7.86,35,0.510239334,0.426666667,0.233333333,0.306666667,0.033333333,0,0,0,0,0,0
65,0,0,0,0,0,1,0,0,0,0,1,1,0,1,69,30.8,20.9,,56.77966,n,0.75,46.39285714,NA,10521,35,-0.082150207,0.062929633,0.28938998,16.98,7.9,39,0.465172839,0.38,0.393333333,0.22,0.006666667,0,0,0,0,0,0
66,0,0,0,0,0,1,0,0,0,0,1,1,0,1,24,30.2,12,,63.59649,n,0.5,68.60927152,NA,16032,27,-0.047208014,0.099296906,0.38140542,16.44,10.38,42,0.631361445,0.26,0.506666667,0.226666667,0.006666667,0,0,0,0,0,0
67,0,0,0,0,0,1,0,0,0,0,1,1,0,1,71,29.3,16.7,,76.32653,n,1.5,54.97269625,9519,8183,48,-0.018963922,0.022571384,0.25104052,15.24,8.79,37,0.576647233,0.5,0.213333333,0.26,0.026666667,0,0,0,0,0,0
68,0,0,0,0,0,1,0,0,0,0,1,1,0,1,61,30.1,16.2,,63.29114,n,1,57.48172757,NA,17702,39,-0.058545141,0.05543976,0.316378307,16.17,9.05,40,0.559562648,0.44,0.32,0.173333333,0.066666667,0,0,0,0,0,0
69,0,0,0,0,0,0,1,0,0,0,1,1,1,0,68,30.6,10.4,,59.66387,n,0.5,73.1503268,8517,7682,22,-0.062844172,0.034915591,0.352394643,16.21,8.3,39,0.511785842,0.208333333,0.315,0.455833333,0.020833333,0,0,0,0,0,0
70,0,0,0,0,0,0,1,0,0,0,1,1,1,0,48,31.1,11.2,,56.43154,n,1,71.54983923,8183,9853,14,0.139483426,-0.115745571,0.385736962,18.48,13.71,48,0.742211084,0.36,0.193333333,0.393333333,0.053333333,0,0,0,0,0,0
71,0,0,0,0,0,0,1,0,0,0,1,1,1,0,47,31.7,19.1,,57.74059,n,0.75,52.40063091,NA,10688,25,-0.009919716,-0.174823706,0.427889211,14.95,5.14,32,0.343838722,0.18,0.46,0.333333333,0.026666667,0,0,0,0,0,0
72,0,0,0,0,0,0,1,0,0,0,1,1,1,0,49,30.5,12,,60.58091,n,0.5,68.91803279,NA,5010,24,0.029755336,-0.13775777,0.29192911,19.08,11.27,46,0.590482051,0.146666667,0.246666667,0.593333333,0.013333333,0,0,0,0,0,0
73,0,0,0,0,0,0,1,0,0,0,1,1,1,0,46,30.2,23.8,,61.31687,n,0.75,37.74172185,8851,8851,18,0.037204367,-0.1720656,0.329045023,18.41,6.36,39,0.345536706,0.066666667,0.233333333,0.7,0,0,0,0,0,0,0
74,0,0,0,0,0,0,1,0,0,0,1,1,1,0,45,31.5,30.5,nicht komplett,65,n,1,23.50793651,8350,7515,28,-0.043875034,-0.174170736,0.416937876,10.55,5.26,26,0.498567989,0.126666667,0.533333333,0.32,0.02,0,0,0,0,0,0
75,0,0,0,0,0,0,1,0,0,0,1,1,1,0,44,28.3,16.6,,54.32099,n,4,53.66077739,NA,12692,32,0.040769464,-0.084486203,0.283289894,14.27,6.53,34,0.457879525,0.346666667,0.173333333,0.46,0.02,0,0,0,0,0,0
76,0,0,0,0,0,0,1,0,0,0,1,1,1,0,106,31.2,20.9,,59.2,n,1,47.08012821,7348,10187,18,0.016653824,-0.123870772,0.331934424,17.7,6.76,39,0.381618807,0.086666667,0.473333333,0.406666667,0.033333333,0,0,0,0,0,0
77,0,0,0,0,0,0,0,1,0,0,1,1,0,1,108,30,36,fast komplett,62.60504,n,1,5.2,NA,8517,36,0.002738667,-0.034627816,0.213893892,11.9,5.28,27,0.443595487,0.353333333,0.206666667,0.44,0,0,0,0,0,0,0
78,0,0,0,0,0,0,0,1,0,0,1,1,0,1,107,30.4,28.4,nicht komplett,56.41026,n,1,26.19736842,7682,6346,25,0.001256912,-0.055058219,0.168811921,13.59,4.6,29,0.33868584,0.333333333,0.173333333,0.48,0.013333333,0,0,0,0,0,0
79,0,0,0,0,0,0,0,1,0,0,1,1,0,1,43,33.6,31.5,fast komplett,68.24034,n,0.5,25.9375,7682,5845,32,0.018962803,-0.038336328,0.189822147,13.97,7.01,35,0.501522275,0.32,0.186666667,0.493333333,0,0,0,0,0,0,0
80,0,0,0,0,0,0,0,1,0,0,1,1,0,1,42,30.9,29.1,fast komplett,62,n,0.5,25.60194175,NA,8016,31,0.012782727,-0.055794808,0.186814606,11.83,3.79,24,0.320323995,0.333333333,0.14,0.52,0.006666667,0,0,0,0,0,0
81,0,0,0,0,0,0,0,1,0,0,1,1,0,1,39,28.3,23.9,fast komplett,56.52174,n,1.5,33.28268551,8183,5678,19,0.015421364,-0.051340246,0.173270311,14.76,6.83,34,0.462873091,0.36,0.173333333,0.466666667,0,0,0,0,0,0,0
82,0,0,0,0,0,0,0,1,0,0,1,1,0,1,41,29,25.5,fast komplett,54.58333,n,0.5,30.53448276,8851,5344,19,0.007696181,-0.05976438,0.20130685,16.27,7.41,39,0.455149607,0.36,0.18,0.44,0.02,0,0,0,0,0,0
83,0,0,0,0,0,0,0,1,0,0,1,1,0,1,40,30,29.2,fast komplett,56.32653,n,0.5,23.10666667,7348,5177,39,0.027403596,-0.019483237,0.298376266,12.53,4.35,27,0.347260296,0.433333333,0.146666667,0.366666667,0.053333333,0,0,0,0,0,0
84,0,0,0,0,0,0,0,1,0,0,1,1,0,1,38,29.7,27.1,,56.35593,n,1,27.91582492,9686,6346,35,0.009889227,-0.018550259,0.219465232,14.83,5.78,33,0.389513372,0.34,0.2,0.4,0.06,0,0,0,0,0,0
85,0,0,0,0,0,0,0,0,1,0,1,1,0,1,37,31.5,32.9,nicht komplett,51.00402,n,1,17.48888889,7682,5344,32,0.04812998,-0.055403727,0.346812341,13.59,5.16,31.71428571,0.351360553,0.32,0.126666667,0.54,0.013333333,0,0,0,0,0,0
86,0,0,0,0,0,0,0,0,1,0,1,1,0,1,35,30.7,39.8,komplett,38.2716,n,1,0,6513,3841,36,0.16241966,0.117501517,0.312470747,12.21,4.18,28,0.342565524,0.78,0.04,0.173333333,0,0,0.006666667,0,0,0,0.006666667
87,0,0,0,0,0,0,0,0,1,0,1,1,0,1,36,29.2,34.7,komplett,53.11203,n,0.75,6.119863014,1336,835,32,0.145515496,0.074715317,0.302258556,14.34,4.89,33,0.340754694,0.726666667,0.04,0.226666667,0.006666667,0,0,0,0,0,0
88,0,0,0,0,0,0,0,0,1,0,1,1,0,1,34,28.6,47,komplett,49.38272,n,0.5,0,NA,3841,33,0.166957661,0.164121634,0.436952558,14.23,4.9,32,0.344483828,0.813333333,0.073333333,0.106666667,0,0,0.006666667,0,0,0,0.006666667
89,0,0,0,0,0,0,0,0,1,0,1,1,0,1,33,28.2,35.7,komplett,52.6971,n,1.5,0,NA,5010,25,0.085529299,-0.067906583,0.284297856,13.37,5.86,33,0.438783097,0.38,0.086666667,0.533333333,0,0,0,0,0,0,0
90,0,0,0,0,0,0,0,0,1,0,1,1,0,1,32,29.5,36.6,fast komplett,51.86722,n,1,1.986440678,NA,4509,41,0.092658711,-0.045378869,0.26000042,11.66,5.55,29,0.475516854,0.493333333,0.066666667,0.426666667,0.013333333,0,0,0,0,0,0
91,0,0,0,0,0,0,0,0,1,0,1,1,0,1,16,27.5,36.5,komplett,58.51528,n,0.5,0,8684,4008,34,0.095322379,0.009545169,0.189101991,15.96,6,37,0.376111664,0.586666667,0.093333333,0.32,0,0,0,0,0,0,0
92,0,0,0,0,0,0,0,0,1,0,1,1,0,1,97,29.9,36.9,fast komplett,48.49785,n,1,2.505016722,6847,2505,46,0.089681682,-0.0037013,0.199961177,13.37,4.77,30,0.356306054,0.58,0.08,0.333333333,0.006666667,0,0,0,0,0,0
93,0,0,0,0,0,0,0,0,0,1,1,1,1,0,86,29.3,12.5,,54.97835,n,0.5,66.29692833,9686,4175,23,-0.177840501,0.17592139,0.488565086,16.16,6.39,35,0.395255326,0.18,0.693333333,0.1,0.013333333,0.013333333,0,0,0,0,0.013333333
94,0,0,0,0,0,0,0,0,0,1,1,1,1,0,31,29.4,6.4,,60.28037,n,1.5,82.80272109,12859,10020,35,-0.010184953,0.222534868,0.554012011,18.42,9.08,44,0.492773812,0.273333333,0.56,0.153333333,0.013333333,0,0,0,0,0,0
95,0,0,0,0,0,0,0,0,0,1,1,1,1,0,30,31.2,12.6,,56.54008,n,0.5,68.09615385,8350,7181,35,-0.12950828,0.02939277,0.368731772,12.96,5.54,29,0.427439668,0.366666667,0.42,0.193333333,0.013333333,0.006666667,0,0,0,0,0.006666667
96,0,0,0,0,0,0,0,0,0,1,1,1,1,0,8,29.7,2.6,,61.06195,n,0.5,93.08417508,8016,6012,26,-0.082784152,0.120900601,0.400181289,12.88,5.4,29,0.419601306,0.406666667,0.413333333,0.16,0.02,0,0,0,0,0,0
97,0,0,0,0,0,0,0,0,0,1,1,1,1,0,12,29.9,14.1,,55.46559,n,1,62.7458194,334,11857,32,-0.097490812,0.120289676,0.361377797,16.61,7.27,38,0.437593154,0.426666667,0.413333333,0.133333333,0.026666667,0,0,0,0,0,0
98,0,0,0,0,0,0,0,0,0,1,1,1,1,0,6,30.5,8.2,,59.64912,n,1,78.76065574,11189,10020,35,-0.219100875,0.12824704,0.503266906,10.44,4.52,23,0.432455298,0.733333333,0.146666667,0.1,0.006666667,0,0.006666667,0,0,0.006666667,0.013333334
99,0,0,0,0,0,0,0,0,0,1,1,1,1,0,11,30.1,9.6,,58.87446,n,0.5,74.80398671,NA,10855,37,-0.067143352,0.035441734,0.291542736,17.69,8.38,41,0.473523038,0.333333333,0.353333333,0.253333333,0.053333333,0,0,0,0.006666667,0,0.006666667
100,0,0,0,0,0,0,0,0,0,1,1,1,1,0,5,33.7,17,,66.66667,n,1,60.14836795,NA,8851,43,-0.033901843,-0.007430516,0.298737013,15.53,7.84,36,0.504586575,0.346666667,0.253333333,0.34,0.053333333,0,0,0,0,0.006666667,0.006666667
101,0,0,1,0,0,0,0,1,0,0,2,2,0,1,131,30.8,20.9,,65.58704,n,1,46.39285714,9853,6847,26,-0.006929844,-0.051996382,0.247959,13.42,6.46,32,0.481308009,0.34,0.213333333,0.446666667,0,0,0,0,0,0,0
102,0,0,0,0,1,0,0,1,0,0,2,2,0,1,129,31.3,23.9,,57.80591,n,0.5,39.67731629,4008,5678,32,0.000116787,-0.037621208,0.20727946,11.65,4.73,27,0.406215686,0.36,0.173333333,0.453333333,0.013333333,0,0,0,0,0,0
103,1,0,0,0,0,0,0,0,0,1,2,2,1,0,130,30.5,10.2,,54.74138,n,4.33,73.58032787,NA,11356,46,0.006047292,0.034557961,0.343238638,15.02,10.49,38,0.698529802,0.32,0.333333333,0.286666667,0.053333333,0,0,0,0,0.006666667,0.006666667
104,0,0,0,0,0,1,0,0,1,0,2,2,0,1,128,30.9,41.2,komplett,48.583,n,1,0,NA,6012,39,0.080644008,-0.028419363,0.317118943,12.26,4.21,29,0.343424908,0.506666667,0.066666667,0.42,0.006666667,0,0,0,0,0,0
105,0,0,0,0,1,1,0,0,0,0,2,2,0,1,125,29.3,15.3,,57.43802,n,0.75,58.74744027,NA,8684,40,-0.049917758,0.139837561,0.501004124,30.35,17.14,74,0.564772065,0.46,0.346666667,0.14,0.053333333,0,0,0,0,0,0
106,0,0,0,0,1,0,0,0,0,1,2,2,1,0,127,31.5,2.5,,63.04348,n,0.5,93.73015873,NA,8851,48,-0.039262756,0.042105849,0.352490012,12.55,6.16,30,0.490588331,0.406666667,0.266666667,0.26,0.053333333,0,0.013333333,0,0,0,0.013333333
107,0,0,0,0,0,1,1,0,0,0,2,2,1,0,126,29.1,0,Sämling,64.06926,n,1,100,8851,11356,33,0.033327448,-0.089405524,0.339171202,19.09,10.37,44,0.54311008,0.2,0.186666667,0.54,0.073333333,0,0,0,0,0,0
108,0,1,0,0,0,0,0,0,1,0,2,2,0,1,121,30.3,39.4,komplett,41.55844,n,2.5,0,9018,3507,36,0.081246537,-0.01601286,0.301013005,12.4,4.96,29,0.400215188,0.5,0.086666667,0.406666667,0.006666667,0,0,0,0,0,0
109,1,0,1,0,0,0,0,0,0,0,2,2,0,1,120,29.5,25.4,nicht komplett,45.6,y,11,31.97966102,6513,10354,31,-0.10100135,-0.026355441,0.406528839,15.3,5.14,32,0.335824064,0.58,0.12,0.246666667,0.046666667,0,0,0,0,0.006666667,0.006666667
110,0,0,0,1,0,0,0,0,1,0,2,2,0,1,118,30.1,36.1,komplett,49.57627,n,0.5,5.252491694,10187,2171,21,0.142278359,-0.041344472,0.438524758,14.9,5.62,35,0.377322927,0.613333333,0.033333333,0.353333333,0,0,0,0,0,0,0
111,0,0,0,1,0,1,1,0,1,1,5,5,0,0,119,30.3,35.6,komplett,45.37815,n,2,7.181518152,4008,1837,20,0.080059034,-0.168685652,0.32894768,12.13,3.85,28,0.317667246,0.346666667,0.046666667,0.6,0.006666667,0,0,0,0,0,0
112,1,0,1,0,1,0,0,1,1,0,5,5,0,1,115,31.7,42,komplett,35.14644,n,3,0,4509,668,18,0.32302333,0.343957652,0.72067852,13.15,6.38,32,0.485539591,0.92,0.013333333,0.06,0.006666667,0,0,0,0,0,0
113,1,0,0,0,0,1,0,1,1,1,5,5,1,0,113,31.2,40.2,komplett,40.23904,y,15,0,6346,3173,51,0.254901218,0.330727219,0.729122946,12.55,5.76,30,0.459279516,0.873333333,0.073333333,0.013333333,0.026666667,0,0.013333333,0,0,0,0.013333333
114,0,1,1,0,1,0,1,1,0,0,5,5,1,0,112,29.9,0,,59.66387,n,0.5,100,NA,13527,11,0.026728871,-0.147354742,0.314429196,14.89,8.45,43,0.567640595,0.146666667,0.206666667,0.646666667,0,0,0,0,0,0,0
115,1,1,1,1,0,0,0,0,1,0,5,5,0,1,111,30.4,37.9,komplett,38.07531,n,11,1.509868421,2004,1169,31,0.259321276,0.447324213,0.756975928,16.32,5.98,39,0.36647607,0.96,0.033333333,0,0,0,0,0.006666667,0,0,0.006666667
116,0,1,1,1,0,1,0,0,0,1,5,5,1,0,110,31,0,,56.4,n,0.5,100,8517,12859,23,-0.12424075,-0.072823051,0.533797772,14.94,8.71,38,0.583349076,0.626666667,0.113333333,0.246666667,0.013333333,0,0,0,0,0,0
117,1,0,0,1,0,0,1,0,1,1,5,5,0,0,109,29.3,36.8,komplett,43.6214,y,5,0.778156997,10855,3841,19,0.132195653,-0.047889195,0.413835132,15.26,4.48,33,0.293453513,0.553333333,0.08,0.366666667,0,0,0,0,0,0,0
118,0,1,1,0,0,0,1,1,0,1,5,5,0,0,117,31.5,0,,62.5,n,1,100,9352,10855,21,0.044191523,-0.116582015,0.25196807,11.68,5.61,28,0.480334023,0.226666667,0.193333333,0.573333333,0,0,0.006666667,0,0,0,0.006666667
119,1,1,0,1,1,0,1,0,0,0,5,5,1,0,13,29,15.3,,52.5,n,12.5,58.32068966,9352,11857,19,0.04748298,-0.145673829,0.340317023,14.41,6.21,32,0.430630092,0.373333333,0.126666667,0.473333333,0.026666667,0,0,0,0,0,0
120,0,0,1,0,1,1,1,1,0,0,5,5,1,0,26,29,4,,62.91667,n,0.5,89.10344828,6346,8517,19,0.02309662,-0.116580928,0.273469871,16.11,9.21,39,0.571526102,0.16,0.213333333,0.626666667,0,0,0,0,0,0,0
121,1,1,1,1,1,1,0,1,1,0,8,8,0,1,25,30,37,komplett,36.0515,y,11,2.566666667,NA,1336,25,0.203170859,0.349918188,0.696165185,14.23,6.14,35,0.4316275,0.866666667,0.06,0.073333333,0,0,0,0,0,0,0
122,1,1,0,1,1,0,1,1,1,1,8,8,0,0,22,29.8,36.5,komplett,38.39662,n,8,3.238255034,2171,1169,44,0.196381503,0.046908477,0.362207853,14.4,8.46,38,0.587791408,0.746666667,0.066666667,0.166666667,0.02,0,0,0,0,0,0
123,1,1,0,1,1,0,1,1,1,1,8,8,0,0,23,31.9,38.2,komplett,43.54839,n,2.5,5.398119122,3006,1503,28,0.278422462,0.114207427,0.433944943,11.8,5.95,29,0.50420633,0.793333333,0.146666667,0.053333333,0,0,0.006666667,0,0,0,0.006666667
124,1,1,1,1,1,1,1,1,0,0,8,8,1,0,7,33.3,2.2,,47.71784,n,6.5,94.78078078,5344,13026,28,0.064529336,-0.109706483,0.423716413,13.4,6.77,33,0.505400762,0.433333333,0.14,0.42,0.006666667,0,0,0,0,0,0
125,1,1,0,1,1,1,1,1,1,0,8,8,1,0,15,29.2,35.4,komplett,38.43137,y,60,4.226027397,2672,1670,25,0.125114865,0.000722372,0.25960513,16.23,7.79,39,0.479980607,0.566666667,0.166666667,0.26,0,0,0.006666667,0,0,0,0.006666667
126,1,0,1,1,1,0,1,1,1,1,8,8,0,0,29,32.1,40.3,komplett,41.66667,n,6,0.819314642,10187,1837,11,0.288346784,-0.19909609,0.541745799,18.44,8.57,45,0.46500669,0.773333333,0,0.226666667,0,0,0,0,0,0,0
127,0,1,1,1,1,1,1,1,0,1,8,8,0,0,2,29.2,0,,64.37768,n,1,100,NA,14028,6,0.026510892,-0.187382572,0.54844221,12.5,7.18,31,0.574877908,0.093333333,0.113333333,0.793333333,0,0,0,0,0,0,0
128,1,1,1,1,1,1,1,0,0,1,8,8,0,0,1,30.1,3.9,,49.15254,y,45,89.7641196,6346,7849,16,0.0539136,-0.190692555,0.513222792,13.43,7.06,32,0.525440604,0.326666667,0.053333333,0.553333333,0.053333333,0,0,0,0,0.013333333,0.013333333
129,0,1,1,1,1,0,1,1,1,1,8,8,0,0,27,30.1,37.9,fast komplett,52.41935,n,0.75,0.528239203,10187,5177,17,0.190684315,-0.080722314,0.312684283,18.24,11.63,50,0.637783654,0.646666667,0.053333333,0.3,0,0,0,0,0,0,0
130,1,1,1,0,1,0,1,1,1,1,8,8,0,0,28,30.9,37.3,komplett,32.75862,n,11.5,4.637540453,2171,668,16,0.54450306,0.16302697,0.633532723,12.26,6.37,30,0.519937996,0.986666667,0.006666667,0.006666667,0,0,0,0,0,0,0
131,1,1,1,1,1,1,1,1,1,1,10,10,0,0,17,31.8,38.1,komplett,40.08439,y,72,5.349056604,2505,1169,13,0.181307874,-0.147634866,0.379155045,16.49,6.51,38,0.395140591,0.673333333,0,0.326666667,0,0,0,0,0,0,0
132,1,1,1,1,1,1,1,1,1,1,10,10,0,0,18,30.6,37.2,komplett,33.18966,y,20.5,3.960784314,1837,1336,19,0.340596847,-0.135730959,0.39834013,13.89,5.42,31,0.39020369,0.846666667,0.006666667,0.146666667,0,0,0,0,0,0,0
133,1,1,1,1,1,1,1,1,1,1,10,10,0,0,20,29.7,35.9,komplett,33.46774,y,28.5,4.508417508,1336,2004,8,0.145191043,-0.539430772,0.743259852,13.23,4.08,27,0.308152928,0.82,0,0.18,0,0,0,0,0,0,0
134,1,1,1,1,1,1,1,1,1,1,10,10,0,0,19,28.6,37.3,komplett,25.20325,y,13,0,9519,1651,11,0.456439784,-0.092286565,0.627902607,12.88,5.42,30,0.420598657,0.946666667,0,0.046666667,0,0,0,0,0.006666667,0,0.006666667
135,1,1,1,1,1,1,1,1,1,1,10,10,0,0,21,29.5,36.5,komplett,31.0757,y,53,2.254237288,2171,1002,12,0.397252547,0.06417702,0.524823042,12.16,4.2,27,0.345640236,0.9,0,0.1,0,0,0,0,0,0,0
136,1,1,1,1,1,1,1,1,1,1,10,10,0,0,14,31,37.8,komplett,34,y,14.5,3.670967742,2505,1002,10,0.549191149,0.034725073,0.588377126,13.32,5.28,31,0.39677486,0.906666667,0,0.093333333,0,0,0,0,0,0,0
137,1,1,1,1,1,1,1,1,1,1,10,10,0,0,3,30.3,36.9,komplett,28.34008,y,23,3.792079208,9519,1002,6,0.141943898,-0.216192533,0.480458979,12.98,4.4,28,0.33885987,0.513333333,0,0.486666667,0,0,0,0,0,0,0
138,1,1,1,1,1,1,1,1,1,1,10,10,0,0,9,31,36.7,komplett,35.98326,y,61.5,6.474193548,3507,1837,20,0.157292991,-0.172571323,0.394273469,14.07,5.85,33,0.415655966,0.54,0.006666667,0.453333333,0,0,0,0,0,0,0
139,1,1,1,1,1,1,1,1,1,1,10,10,0,0,10,30.3,36.5,komplett,38.05668,y,3.5,4.834983498,7515,2338,9,0.320203886,-0.045713056,0.459197075,18.51,8.6,68,0.464945131,0.76,0.026666667,0.213333333,0,0,0,0,0,0,0
140,1,1,1,1,1,1,1,1,1,1,10,10,0,0,4,29.3,34.5,komplett,33.46774,y,14.5,6.979522184,6179,3173,27,0.1586802,-0.064800563,0.361576518,16.23,11.08,46,0.683003334,0.533333333,0.046666667,0.42,0,0,0,0,0,0,0
